{"_step":0,"d_loss":1.3889455795288086,"g_loss":2.6930456161499023,"d_fake":-0.00029280525632202625,"d_real":-0.0055875517427921295,"aug_p":0,"_timestamp":1.7642320822487583e+09,"_wandb":{"runtime":605},"_runtime":605.2662179,"samples":{"height":1034,"_type":"image-file","sha256":"a3cb69a9b74fcd3843b98d9e6532203b350bee7e51b324ccef578b51250b2887","size":87027,"path":"media/images/samples_0_a3cb69a9b74fcd3843b9.png","format":"png","width":1034}}